Index;Latitude;Longitude;Distance from Tx [km];Terrain height [m a.s.l.]
0;51,4552910000034;17,105016;0;117
1;51,4548698319353;17,1037408128703;0,1;127
2;51,4544486500356;17,1024656492711;0,2;119
3;51,454027454305;17,1011905092025;0,3;102
4;51,4536062447437;17,0999153926644;0,4;107
5;51,4531850213525;17,0986402996569;0,5;112
6;51,4527637841315;17,0973652301799;0,6;97
7;51,4523425330815;17,0960901842334;0,7;104
8;51,4519212682027;17,0948151618173;0,8;110
9;51,4514999894957;17,0935401629318;0,9;107
10;51,4510786969609;17,0922651875766;1;113
11;51,4506573905989;17,0909902357519;1,1;105
12;51,45023607041;17,0897153074576;1,2;109
13;51,4498147363947;17,0884404026937;1,3;103
14;51,4493933885535;17,0871655214602;1,4;95
15;51,4489720268869;17,0858906637571;1,5;103
16;51,4485506513953;17,0846158295843;1,6;122
17;51,4481292620792;17,0833410189418;1,7;117
18;51,447707858939;17,0820662318296;1,8;102
19;51,4472864419752;17,0807914682477;1,9;93
20;51,4468650111883;17,0795167281961;2;93
21;51,4464435665788;17,0782420116747;2,1;100
22;51,446022108147;17,0769673186836;2,2;99
23;51,4456006358935;17,0756926492227;2,3;103
24;51,4451791498187;17,074418003292;2,4;88
25;51,4447576499232;17,0731433808915;2,5;89
26;51,4443361362072;17,0718687820212;2,6;91
27;51,4439146086714;17,070594206681;2,7;89
28;51,4434930673162;17,0693196548709;2,8;97
29;51,443071512142;17,0680451265909;2,9;86
30;51,4426499431494;17,0667706218411;3;92
31;51,4422283603387;17,0654961406213;3,1;90
32;51,4418067637104;17,0642216829316;3,2;87
33;51,4413851532651;17,0629472487719;3,3;90
34;51,4409635290031;17,0616728381422;3,4;81
35;51,4405418909249;17,0603984510425;3,5;96
36;51,4401202390311;17,0591240874729;3,6;93
37;51,439698573322;17,0578497474331;3,7;88
38;51,4392768937981;17,0565754309233;3,8;105
39;51,4388552004599;17,0553011379435;3,9;112
40;51,4384334933078;17,0540268684936;4;110
41;51,4380117723424;17,0527526225735;4,1;107
42;51,437590037564;17,0514784001833;4,2;102
43;51,4371682889731;17,050204201323;4,3;88
44;51,4367465265703;17,0489300259925;4,4;93
45;51,436324750356;17,0476558741918;4,5;94
46;51,4359029603305;17,0463817459209;4,6;94
47;51,4354811564945;17,0451076411797;4,7;84
48;51,4350593388483;17,0438335599683;4,8;90
49;51,4346375073924;17,0425595022867;4,9;96
50;51,4342156621273;17,0412854681348;5;89
51;51,4337938030535;17,0400114575125;5,1;93
52;51,4333719301714;17,03873747042;5,2;97
53;51,4329500434814;17,0374635068571;5,3;95
54;51,4325281429841;17,0361895668238;5,4;89
55;51,4321062286799;17,0349156503201;5,5;92
56;51,4316843005692;17,033641757346;5,6;105
57;51,4312623586526;17,0323678879016;5,7;85
58;51,4308404029305;17,0310940419866;5,8;102
59;51,4304184334033;17,0298202196012;5,9;96
60;51,4299964500715;17,0285464207453;6;93
61;51,4295744529357;17,0272726454189;6,1;88
62;51,4291524419962;17,025998893622;6,2;84
63;51,4287304172534;17,0247251653545;6,3;76
64;51,428308378708;17,0234514606165;6,4;91
65;51,4278863263603;17,0221777794078;6,5;74
66;51,4274642602108;17,0209041217286;6,6;98
67;51,4270421802599;17,0196304875787;6,7;84
68;51,4266200865082;17,0183568769582;6,8;79
69;51,4261979789561;17,017083289867;6,9;93
70;51,4257758576041;17,0158097263051;7;87
71;51,4253537224525;17,0145361862725;7,1;86
72;51,4249315735019;17,0132626697691;7,2;92
73;51,4245094107528;17,011989176795;7,3;91
74;51,4240872342056;17,0107157073501;7,4;86
75;51,4236650438608;17,0094422614345;7,5;87
76;51,4232428397188;17,0081688390479;7,6;89
77;51,4228206217801;17,0068954401906;7,7;85
78;51,4223983900451;17,0056220648624;7,8;91
79;51,4219761445144;17,0043487130633;7,9;88
80;51,4215538851884;17,0030753847933;8;93
81;51,4211316120675;17,0018020800523;8,1;89
82;51,4207093251523;17,0005287988404;8,2;90
83;51,4202870244431;16,9992555411576;8,3;88
84;51,4198647099405;16,9979823070037;8,4;92
85;51,4194423816449;16,9967090963788;8,5;91
86;51,4190200395567;16,9954359092829;8,6;100
87;51,4185976836765;16,9941627457159;8,7;89
88;51,4181753140047;16,9928896056779;8,8;86
89;51,4177529305417;16,9916164891687;8,9;85
90;51,4173305332881;16,9903433961884;9;79
91;51,4169081222442;16,9890703267369;9,1;90
92;51,4164856974106;16,9877972808143;9,2;85
93;51,4160632587877;16,9865242584205;9,3;81
94;51,415640806376;16,9852512595554;9,4;76
95;51,415218340176;16,9839782842191;9,5;85
96;51,414795860188;16,9827053324116;9,6;84
97;51,4143733664126;16,9814324041327;9,7;74
98;51,4139508588503;16,9801594993826;9,8;75
99;51,4135283375014;16,9788866181611;9,9;100
100;51,4131058023665;16,9776137604683;10;91
101;51,412683253446;16,976340926304;10,1;113
102;51,4122606907404;16,9750681156684;10,2;94
103;51,4118381142501;16,9737953285613;10,3;84
104;51,4114155239757;16,9725225649828;10,4;93
105;51,4109929199175;16,9712498249329;10,5;92
106;51,4105703020761;16,9699771084114;10,6;92
107;51,4101476704519;16,9687044154184;10,7;98
108;51,4097250250453;16,9674317459538;10,8;114
109;51,4093023658569;16,9661591000177;10,9;102
110;51,408879692887;16,96488647761;11;97
111;51,4084570061363;16,9636138787307;11,1;92
112;51,408034305605;16,9623413033797;11,2;84
113;51,4076115912937;16,9610687515571;11,3;89
114;51,4071888632029;16,9597962232628;11,4;99
115;51,4067661213329;16,9585237184967;11,5;107
116;51,4063433656844;16,957251237259;11,6;111
117;51,4059205962576;16,9559787795495;11,7;126
118;51,4054978130532;16,9547063453681;11,8;105
119;51,4050750160715;16,953433934715;11,9;109
120;51,4046522053131;16,9521615475901;12;103
121;51,4042293807783;16,9508891839933;12,1;118
122;51,4038065424677;16,9496168439246;12,2;113
123;51,4033836903817;16,948344527384;12,3;114
124;51,4029608245208;16,9470722343714;12,4;104
125;51,4025379448854;16,9457999648869;12,5;110
126;51,4021150514761;16,9445277189304;12,6;116
127;51,4016921442932;16,943255496502;12,7;116
128;51,4012692233372;16,9419832976014;12,8;96
129;51,4008462886086;16,9407111222289;12,9;96
130;51,4004233401079;16,9394389703842;13;99
131;51,4000003778355;16,9381668420674;13,1;98
132;51,3995774017918;16,9368947372785;13,2;104
133;51,3991544119775;16,9356226560175;13,3;78
134;51,3987314083928;16,9343505982842;13,4;91
135;51,3983083910383;16,9330785640788;13,5;79
136;51,3978853599144;16,9318065534011;13,6;81
137;51,3974623150217;16,9305345662512;13,7;97
138;51,3970392563605;16,9292626026289;13,8;91
139;51,3966161839313;16,9279906625344;13,9;86
140;51,3961930977346;16,9267187459675;14;87
141;51,3957699977709;16,9254468529282;14,1;96
142;51,3953468840406;16,9241749834166;14,2;96
143;51,3949237565442;16,9229031374325;14,3;101
144;51,3945006152821;16,921631314976;14,4;98
145;51,3940774602548;16,9203595160471;14,5;110
146;51,3936542914628;16,9190877406456;14,6;108
147;51,3932311089065;16,9178159887716;14,7;101
148;51,3928079125864;16,9165442604251;14,8;105
149;51,3923847025029;16,915272555606;14,9;108
150;51,3919614786566;16,9140008743143;15;100
151;51,3915382410479;16,9127292165499;15,1;103
152;51,3911149896772;16,911457582313;15,2;102
153;51,390691724545;16,9101859716033;15,3;92
154;51,3902684456518;16,9089143844209;15,4;106
155;51,389845152998;16,9076428207658;15,5;91
156;51,3894218465841;16,9063712806379;15,6;106
157;51,3889985264106;16,9050997640373;15,7;109
158;51,388575192478;16,9038282709638;15,8;109
159;51,3881518447865;16,9025568014175;15,9;110
160;51,3877284833369;16,9012853553983;16;102
161;51,3873051081295;16,9000139329062;16,1;102
162;51,3868817191647;16,8987425339412;16,2;109
163;51,3864583164431;16,8974711585032;16,3;96
164;51,3860348999651;16,8961998065923;16,4;106
165;51,3856114697311;16,8949284782083;16,5;108
166;51,3851880257417;16,8936571733514;16,6;109
167;51,3847645679973;16,8923858920213;16,7;113
168;51,3843410964983;16,8911146342182;16,8;111
169;51,3839176112452;16,8898433999419;16,9;107
170;51,3834941122386;16,8885721891925;17;113
171;51,3830705994787;16,8873010019699;17,1;110
172;51,3826470729662;16,8860298382742;17,2;87
173;51,3822235327015;16,8847586981052;17,3;86
174;51,381799978685;16,8834875814629;17,4;93
175;51,3813764109171;16,8822164883473;17,5;90
176;51,3809528293985;16,8809454187585;17,6;100
177;51,3805292341294;16,8796743726963;17,7;105
178;51,3801056251105;16,8784033501607;17,8;100
179;51,3796820023421;16,8771323511517;17,9;104
180;51,3792583658247;16,8758613756693;18;109
181;51,3788347155588;16,8745904237134;18,1;103
182;51,3784110515448;16,8733194952841;18,2;109
183;51,3779873737832;16,8720485903812;18,3;115
184;51,3775636822745;16,8707777090048;18,4;109
185;51,3771399770191;16,8695068511548;18,5;109
186;51,3767162580174;16,8682360168312;18,6;110
187;51,3762925252701;16,866965206034;18,7;106
188;51,3758687787775;16,8656944187631;18,8;113
189;51,37544501854;16,8644236550185;18,9;109
190;51,3750212445582;16,8631529148002;19;110
191;51,3745974568325;16,8618821981082;19,1;109
192;51,3741736553633;16,8606115049424;19,2;106
193;51,3737498401512;16,8593408353028;19,3;105
194;51,3733260111966;16,8580701891893;19,4;119
195;51,3729021684999;16,856799566602;19,5;109
196;51,3724783120616;16,8555289675408;19,6;112
197;51,3720544418822;16,8542583920056;19,7;119
198;51,3716305579622;16,8529878399965;19,8;106
199;51,371206660302;16,8517173115134;19,9;110
200;51,370782748902;16,8504468065563;20;111
201;51,3703588237628;16,8491763251252;20,1;106
202;51,3699348848848;16,8479058672199;20,2;114
203;51,3695109322684;16,8466354328406;20,3;113
204;51,3690869659141;16,8453650219872;20,4;119
205;51,3686629858225;16,8440946346595;20,5;127
206;51,3682389919938;16,8428242708577;20,6;120
207;51,3678149844288;16,8415539305816;20,7;119
208;51,3673909631276;16,8402836138313;20,8;129
209;51,3669669280909;16,8390133206067;20,9;131
210;51,3665428793191;16,8377430509078;21;126
211;51,3661188168127;16,8364728047345;21,1;128
212;51,365694740572;16,8352025820869;21,2;132
213;51,3652706505977;16,8339323829648;21,3;131
214;51,3648465468901;16,8326622073683;21,4;127
215;51,3644224294497;16,8313920552974;21,5;130
216;51,363998298277;16,8301219267519;21,6;142
217;51,3635741533725;16,8288518217319;21,7;137
218;51,3631499947365;16,8275817402373;21,8;142
219;51,3627258223696;16,8263116822681;21,9;138
220;51,3623016362722;16,8250416478243;22;133
221;51,3618774364448;16,8237716369058;22,1;133
222;51,3614532228879;16,8225016495127;22,2;134
223;51,3610289956018;16,8212316856448;22,3;135
224;51,3606047545872;16,8199617453022;22,4;135
225;51,3601804998444;16,8186918284847;22,5;139
226;51,3597562313739;16,8174219351925;22,6;141
227;51,3593319491761;16,8161520654254;22,7;148
228;51,3589076532516;16,8148822191834;22,8;150
229;51,3584833436008;16,8136123964665;22,9;153
230;51,3580590202241;16,8123425972747;23;145
231;51,3576346831221;16,8110728216079;23,1;143
232;51,3572103322951;16,8098030694661;23,2;149
233;51,3567859677437;16,8085333408492;23,3;138
234;51,3563615894682;16,8072636357573;23,4;137
235;51,3559371974693;16,8059939541902;23,5;136
236;51,3555127917472;16,804724296148;23,6;140
237;51,3550883723026;16,8034546616307;23,7;148
238;51,3546639391358;16,8021850506381;23,8;152
239;51,3542394922473;16,8009154631703;23,9;145
240;51,3538150316376;16,7996458992272;24;157
241;51,3533905573072;16,7983763588089;24,1;143
242;51,3529660692564;16,7971068419152;24,2;158
243;51,3525415674858;16,7958373485461;24,3;150
244;51,3521170519959;16,7945678787016;24,4;137
245;51,351692522787;16,7932984323817;24,5;142
246;51,3512679798597;16,7920290095863;24,6;155
247;51,3508434232144;16,7907596103154;24,7;153
248;51,3504188528516;16,789490234569;24,8;144
249;51,3499942687718;16,788220882347;24,9;153
250;51,3495696709753;16,7869515536494;25;170
251;51,3491450594627;16,7856822484762;25,1;162
252;51,3487204342345;16,7844129668273;25,2;173
253;51,348295795291;16,7831437087028;25,3;165
254;51,3478711426328;16,7818744741024;25,4;167
255;51,3474464762603;16,7806052630264;25,5;173
256;51,347021796174;16,7793360754745;25,6;187
257;51,3465971023743;16,7780669114467;25,7;183
258;51,3461723948618;16,7767977709431;25,8;174
259;51,3457476736368;16,7755286539636;25,9;175
260;51,3453229386998;16,7742595605082;26;166
261;51,3448981900514;16,7729904905768;26,1;172
262;51,3444734276919;16,7717214441694;26,2;166
263;51,3440486516218;16,7704524212859;26,3;166
264;51,3436238618416;16,7691834219264;26,4;165
265;51,3431990583517;16,7679144460907;26,5;167
266;51,3427742411527;16,766645493779;26,6;169
267;51,3423494102449;16,765376564991;26,7;143
268;51,3419245656288;16,7641076597268;26,8;152
269;51,341499707305;16,7628387779864;26,9;155
270;51,3410748352737;16,7615699197697;27;147
271;51,3406499495357;16,7603010850767;27,1;147
272;51,3402250500912;16,7590322739073;27,2;140
273;51,3398001369407;16,7577634862615;27,3;146
274;51,3393752100848;16,7564947221393;27,4;143
275;51,3389502695238;16,7552259815407;27,5;150
276;51,3385253152582;16,7539572644656;27,6;154
277;51,3381003472886;16,7526885709139;27,7;154
278;51,3376753656153;16,7514199008857;27,8;164
279;51,3372503702388;16,7501512543809;27,9;170
280;51,3368253611596;16,7488826313994;28;165
281;51,3364003383781;16,7476140319413;28,1;168
282;51,3359753018949;16,7463454560065;28,2;154
283;51,3355502517103;16,7450769035949;28,3;155
284;51,3351251878249;16,7438083747066;28,4;152
285;51,334700110239;16,7425398693414;28,5;165
286;51,3342750189532;16,7412713874994;28,6;148
287;51,3338499139679;16,7400029291805;28,7;151
288;51,3334247952836;16,7387344943847;28,8;153
289;51,3329996629008;16,737466083112;28,9;157
290;51,3325745168198;16,7361976953622;29;166
291;51,3321493570412;16,7349293311354;29,1;168
292;51,3317241835655;16,7336609904316;29,2;166
293;51,331298996393;16,7323926732507;29,3;152
294;51,3308737955243;16,7311243795926;29,4;151
295;51,3304485809598;16,7298561094573;29,5;142
296;51,3300233527;16,7285878628449;29,6;161
297;51,3295981107454;16,7273196397552;29,7;159
298;51,3291728550963;16,7260514401882;29,8;156
299;51,3287475857533;16,7247832641439;29,9;144
300;51,3283223027168;16,7235151116222;30;131
301;51,3278970059874;16,7222469826232;30,1;137
302;51,3274716955653;16,7209788771467;30,2;144
303;51,3270463714512;16,7197107951927;30,3;144
304;51,3266210336455;16,7184427367613;30,4;138
305;51,3261956821486;16,7171747018523;30,5;150
306;51,325770316961;16,7159066904657;30,6;144
307;51,3253449380832;16,7146387026015;30,7;136
308;51,3249195455156;16,7133707382597;30,8;147
309;51,3244941392587;16,7121027974402;30,9;146
310;51,324068719313;16,7108348801429;31;144
311;51,3236432856789;16,7095669863679;31,1;144
312;51,3232178383568;16,7082991161151;31,2;146
313;51,3227923773473;16,7070312693844;31,3;149
314;51,3223669026508;16,7057634461759;31,4;139
315;51,3219414142677;16,7044956464894;31,5;128
316;51,3215159121986;16,703227870325;31,6;129
317;51,3210903964439;16,7019601176826;31,7;130
318;51,320664867004;16,7006923885622;31,8;130
319;51,3202393238794;16,6994246829637;31,9;140
320;51,3198137670706;16,6981570008871;32;131
321;51,3193881965781;16,6968893423324;32,1;130
322;51,3189626124022;16,6956217072995;32,2;136
323;51,3185370145435;16,6943540957883;32,3;134
324;51,3181114030024;16,6930865077989;32,4;134
325;51,3176857777794;16,6918189433312;32,5;134
326;51,317260138875;16,6905514023852;32,6;132
327;51,3168344862896;16,6892838849608;32,7;125
328;51,3164088200236;16,688016391058;32,8;128
329;51,3159831400776;16,6867489206767;32,9;128
330;51,3155574464519;16,6854814738169;33;131
331;51,3151317391472;16,6842140504787;33,1;132
332;51,3147060181637;16,6829466506618;33,2;130
333;51,3142802835021;16,6816792743663;33,3;139
334;51,3138545351626;16,6804119215922;33,4;137
335;51,3134287731459;16,6791445923394;33,5;129
336;51,3130029974524;16,6778772866079;33,6;126
337;51,3125772080825;16,6766100043976;33,7;123
338;51,3121514050367;16,6753427457086;33,8;122
339;51,3117255883154;16,6740755105406;33,9;120
340;51,3112997579192;16,6728082988938;34;116
341;51,3108739138484;16,6715411107681;34,1;130
342;51,3104480561036;16,6702739461634;34,2;111
343;51,3100221846852;16,6690068050797;34,3;117
344;51,3095962995936;16,667739687517;34,4;120
345;51,3091704008294;16,6664725934752;34,5;119
346;51,308744488393;16,6652055229543;34,6;117
347;51,3083185622848;16,6639384759542;34,7;112
348;51,3078926225054;16,6626714524749;34,8;112
349;51,3074666690551;16,6614044525164;34,9;113
350;51,3070407019344;16,6601374760785;35;118
351;51,3066147211439;16,6588705231614;35,1;115
352;51,3061887266839;16,6576035937649;35,2;117
353;51,305762718555;16,656336687889;35,3;119
354;51,3053366967575;16,6550698055337;35,4;120
355;51,304910661292;16,6538029466989;35,5;123
356;51,3044846121589;16,6525361113846;35,6;132
357;51,3040585493587;16,6512692995907;35,7;132
358;51,3036324728918;16,6500025113172;35,8;130
359;51,3032063827587;16,648735746564;35,9;127
360;51,3027802789599;16,6474690053312;36;134
361;51,3023541614957;16,6462022876186;36,1;127
362;51,3019280303668;16,6449355934263;36,2;132
363;51,3015018855735;16,6436689227542;36,3;134
364;51,3010757271164;16,6424022756022;36,4;134
365;51,3006495549958;16,6411356519704;36,5;129
366;51,3002233692122;16,6398690518586;36,6;139
367;51,2997971697661;16,6386024752668;36,7;141
368;51,299370956658;16,637335922195;36,8;150
369;51,2989447298883;16,6360693926432;36,9;162
370;51,2985184894575;16,6348028866112;37;173
371;51,298092235366;16,6335364040991;37,1;168
372;51,2976659676143;16,6322699451069;37,2;174
373;51,2972396862029;16,6310035096344;37,3;158
374;51,2968133911322;16,6297370976817;37,4;143
375;51,2963870824027;16,6284707092486;37,5;121
376;51,2959607600148;16,6272043443352;37,6;133
377;51,2955344239691;16,6259380029415;37,7;149
378;51,295108074266;16,6246716850672;37,8;152
379;51,2946817109058;16,6234053907126;37,9;148
380;51,2942553338892;16,6221391198774;38;148
381;51,2938289432165;16,6208728725616;38,1;158
382;51,2934025388883;16,6196066487652;38,2;163
383;51,292976120905;16,6183404484882;38,3;160
384;51,2925496892669;16,6170742717306;38,4;159
385;51,2921232439748;16,6158081184921;38,5;149
386;51,2916967850288;16,614541988773;38,6;149
387;51,2912703124296;16,613275882573;38,7;158
388;51,2908438261776;16,6120097998921;38,8;147
389;51,2904173262733;16,6107437407304;38,9;125
390;51,2899908127171;16,6094777050877;39;123
391;51,2895642855094;16,608211692964;39,1;118
392;51,2891377446508;16,6069457043593;39,2;119
393;51,2887111901417;16,6056797392736;39,3;118
394;51,2882846219826;16,6044137977067;39,4;118
395;51,2878580401739;16,6031478796586;39,5;119
396;51,287431444716;16,6018819851294;39,6;123
397;51,2870048356096;16,6006161141189;39,7;129
398;51,2865782128549;16,5993502666272;39,8;126
399;51,2861515764525;16,5980844426541;39,9;124
400;51,2857249264029;16,5968186421996;40;126
401;51,2852982627064;16,5955528652637;40,1;139
402;51,2848715853636;16,5942871118464;40,2;131
403;51,284444894375;16,5930213819476;40,3;143
404;51,2840181897409;16,5917556755672;40,4;151
405;51,2835914714619;16,5904899927052;40,5;142
406;51,2831647395383;16,5892243333616;40,6;133
407;51,2827379939708;16,5879586975363;40,7;141
408;51,2823112347596;16,5866930852293;40,8;150
409;51,2818844619054;16,5854274964405;40,9;141
410;51,2814576754085;16,5841619311699;41;137
411;51,2810308752694;16,5828963894174;41,1;132
412;51,2806040614886;16,5816308711831;41,2;126
413;51,2801772340666;16,5803653764668;41,3;118
414;51,2797503930037;16,5790999052685;41,4;126
415;51,2793235383005;16,5778344575882;41,5;120
416;51,2788966699575;16,5765690334258;41,6;113
417;51,278469787975;16,5753036327813;41,7;126
418;51,2780428923536;16,5740382556546;41,8;115
419;51,2776159830936;16,5727729020457;41,9;126
420;51,2771890601957;16,5715075719546;42;123
421;51,2767621236602;16,5702422653811;42,1;129
422;51,2763351734875;16,5689769823253;42,2;135
423;51,2759082096783;16,5677117227872;42,3;125
424;51,2754812322328;16,5664464867665;42,4;128
425;51,2750542411517;16,5651812742634;42,5;119
426;51,2746272364352;16,5639160852778;42,6;124
427;51,274200218084;16,5626509198096;42,7;137
428;51,2737731860985;16,5613857778588;42,8;129
429;51,273346140479;16,5601206594253;42,9;126
430;51,2729190812261;16,5588555645091;43;145
431;51,2724920083404;16,5575904931101;43,1;160
432;51,2720649218221;16,5563254452284;43,2;149
433;51,2716378216718;16,5550604208638;43,3;141
434;51,2712107078899;16,5537954200163;43,4;134
435;51,2707835804769;16,5525304426859;43,5;120
436;51,2703564394333;16,5512654888725;43,6;120
437;51,2699292847595;16,5500005585761;43,7;120
438;51,2695021164559;16,5487356517966;43,8;115
439;51,2690749345231;16,5474707685339;43,9;116
440;51,2686477389616;16,5462059087881;44;118
441;51,2682205297716;16,5449410725591;44,1;119
442;51,2677933069539;16,5436762598469;44,2;119
443;51,2673660705087;16,5424114706513;44,3;112
444;51,2669388204365;16,5411467049724;44,4;115
445;51,2665115567379;16,53988196281;44,5;118
446;51,2660842794132;16,5386172441643;44,6;113
447;51,265656988463;16,537352549035;44,7;110
448;51,2652296838876;16,5360878774222;44,8;108
449;51,2648023656877;16,5348232293258;44,9;108
450;51,2643750338635;16,5335586047458;45;104
451;51,2639476884156;16,5322940036821;45,1;107
452;51,2635203293445;16,5310294261347;45,2;104
453;51,2630929566506;16,5297648721034;45,3;103
454;51,2626655703343;16,5285003415884;45,4;105
455;51,2622381703962;16,5272358345895;45,5;105
456;51,2618107568366;16,5259713511067;45,6;100
457;51,2613833296561;16,52470689114;45,7;103
458;51,2609558888551;16,5234424546892;45,8;105
459;51,2605284344341;16,5221780417544;45,9;104
460;51,2601009663936;16,5209136523354;46;99
461;51,2596734847339;16,5196492864323;46,1;98
462;51,2592459894555;16,518384944045;46,2;102
463;51,258818480559;16,5171206251735;46,3;99
464;51,2583909580448;16,5158563298177;46,4;98
465;51,2579634219133;16,5145920579775;46,5;100
466;51,257535872165;16,5133278096529;46,6;101
467;51,2571083088004;16,5120635848439;46,7;94
468;51,2566807318199;16,5107993835504;46,8;99
469;51,2562531412241;16,5095352057724;46,9;97
470;51,2558255370132;16,5082710515098;47;95
471;51,2553979191878;16,5070069207625;47,1;92
472;51,2549702877485;16,5057428135306;47,2;98
473;51,2545426426955;16,504478729814;47,3;96
474;51,2541149840295;16,5032146696125;47,4;96
475;51,2536873117508;16,5019506329263;47,5;100
476;51,2532596258599;16,5006866197551;47,6;92
477;51,2528319263573;16,4994226300991;47,7;93
478;51,2524042132435;16,4981586639581;47,8;107
479;51,2519764865188;16,496894721332;47,9;95
480;51,2515487461839;16,4956308022209;48;99
481;51,251120992239;16,4943669066247;48,1;106
482;51,2506932246847;16,4931030345433;48,2;97
483;51,2502654435215;16,4918391859767;48,3;110
484;51,2498376487498;16,4905753609248;48,4;106
485;51,24940984037;16,4893115593876;48,5;105
486;51,2489820183827;16,4880477813651;48,6;120
487;51,2485541827883;16,4867840268571;48,7;113
488;51,2481263335872;16,4855202958637;48,8;112
489;51,2476984707799;16,4842565883847;48,9;112
490;51,2472705943669;16,4829929044202;49;112
491;51,2468427043487;16,4817292439701;49,1;105
492;51,2464148007257;16,4804656070343;49,2;111
493;51,2459868834983;16,4792019936129;49,3;109
494;51,245558952667;16,4779384037056;49,4;109
495;51,2451310082323;16,4766748373126;49,5;99
496;51,2447030501947;16,4754112944337;49,6;96
497;51,2442750785545;16,4741477750688;49,7;89
498;51,2438470933124;16,4728842792181;49,8;93
499;51,2434190944686;16,4716208068813;49,9;101
500;51,2429910820238;16,4703573580584;50;88
501;51,2425630559783;16,4690939327495;50,1;82
502;51,2421350163326;16,4678305309544;50,2;96
503;51,2417069630872;16,466567152673;50,3;99
504;51,2412788962425;16,4653037979054;50,4;103
505;51,240850815799;16,4640404666515;50,5;96
506;51,2404227217572;16,4627771589113;50,6;120
507;51,2399946141175;16,4615138746846;50,7;110
508;51,2395664928803;16,4602506139715;50,8;101
509;51,2391383580462;16,4589873767718;50,9;93
510;51,2387102096156;16,4577241630856;51;98
511;51,238282047589;16,4564609729128;51,1;105
512;51,2378538719668;16,4551978062533;51,2;87
513;51,2374256827495;16,453934663107;51,3;85
514;51,2369974799375;16,4526715434741;51,4;95
515;51,2365692635314;16,4514084473543;51,5;89
516;51,2361410335315;16,4501453747476;51,6;87
517;51,2357127899383;16,448882325654;51,7;91
518;51,2352845327523;16,4476193000734;51,8;91
519;51,234856261974;16,4463562980058;51,9;96
520;51,2344279776038;16,4450933194511;52;92
521;51,2339996796421;16,4438303644093;52,1;94
522;51,2335713680895;16,4425674328803;52,2;93
523;51,2331430429464;16,4413045248641;52,3;90
524;51,2327147042133;16,4400416403606;52,4;94
525;51,2322863518905;16,4387787793698;52,5;92
526;51,2318579859787;16,4375159418916;52,6;88
527;51,2314296064782;16,4362531279259;52,7;94
528;51,2310012133895;16,4349903374727;52,8;100
529;51,230572806713;16,433727570532;52,9;93
530;51,2301443864493;16,4324648271037;53;91
531;51,2297159525987;16,4312021071878;53,1;92
532;51,2292875051619;16,4299394107842;53,2;97
533;51,2288590441391;16,4286767378928;53,3;94
534;51,2284305695309;16,4274140885136;53,4;103
535;51,2280020813377;16,4261514626465;53,5;106
536;51,22757357956;16,4248888602915;53,6;104
537;51,2271450641982;16,4236262814486;53,7;105
538;51,2267165352529;16,4223637261177;53,8;104
539;51,2262879927245;16,4211011942987;53,9;90
540;51,2258594366133;16,4198386859915;54;96
541;51,22543086692;16,4185762011962;54,1;101
542;51,2250022836449;16,4173137399127;54,2;101
543;51,2245736867886;16,4160513021409;54,3;101
544;51,2241450763514;16,4147888878807;54,4;95
545;51,2237164523339;16,4135264971322;54,5;100
546;51,2232878147364;16,4122641298952;54,6;109
547;51,2228591635596;16,4110017861698;54,7;101
548;51,2224304988037;16,4097394659558;54,8;94
549;51,2220018204694;16,4084771692532;54,9;98
550;51,2215731285569;16,4072148960619;55;93
551;51,2211444230669;16,4059526463819;55,1;111
552;51,2207157039998;16,4046904202132;55,2;110
553;51,220286971356;16,4034282175557;55,3;110
554;51,2198582251359;16,4021660384093;55,4;116
555;51,2194294653401;16,4009038827739;55,5;126
556;51,2190006919691;16,3996417506496;55,6;114
557;51,2185719050232;16,3983796420363;55,7;113
558;51,2181431045029;16,3971175569339;55,8;121
559;51,2177142904087;16,3958554953423;55,9;121
560;51,2172854627411;16,3945934572616;56;122
561;51,2168566215005;16,3933314426916;56,1;113
562;51,2164277666874;16,3920694516323;56,2;127
563;51,2159988983022;16,3908074840837;56,3;130
564;51,2155700163454;16,3895455400456;56,4;132
565;51,2151411208175;16,3882836195181;56,5;123
566;51,2147122117189;16,3870217225011;56,6;124
567;51,21428328905;16,3857598489945;56,7;117
568;51,2138543528114;16,3844979989982;56,8;111
569;51,2134254030035;16,3832361725123;56,9;115
570;51,2129964396268;16,3819743695367;57;113
571;51,2125674626817;16,3807125900712;57,1;115
572;51,2121384721687;16,379450834116;57,2;116
573;51,2117094680882;16,3781891016708;57,3;113
574;51,2112804504408;16,3769273927356;57,4;121
575;51,2108514192268;16,3756657073105;57,5;108
576;51,2104223744467;16,3744040453953;57,6;117
577;51,209993316101;16,3731424069899;57,7;113
578;51,2095642441902;16,3718807920944;57,8;117
579;51,2091351587147;16,3706192007086;57,9;109
580;51,2087060596749;16,3693576328326;58;107
581;51,2082769470714;16,3680960884662;58,1;110
582;51,2078478209046;16,3668345676094;58,2;123
583;51,2074186811749;16,3655730702622;58,3;109
584;51,2069895278828;16,3643115964245;58,4;112
585;51,2065603610288;16,3630501460961;58,5;106
586;51,2061311806134;16,3617887192772;58,6;107
587;51,205701986637;16,3605273159676;58,7;107
588;51,2052727791;16,3592659361673;58,8;106
589;51,2048435580029;16,3580045798761;58,9;113
590;51,2044143233462;16,3567432470941;59;124
591;51,2039850751304;16,3554819378212;59,1;115
592;51,2035558133558;16,3542206520574;59,2;114
593;51,203126538023;16,3529593898025;59,3;106
594;51,2026972491324;16,3516981510566;59,4;103
595;51,2022679466846;16,3504369358196;59,5;109
596;51,2018386306798;16,3491757440913;59,6;112
597;51,2014093011187;16,3479145758718;59,7;109
598;51,2009799580016;16,346653431161;59,8;116
599;51,2005506013291;16,3453923099589;59,9;114
600;51,2001212311015;16,3441312122654;60;95
601;51,1996918473194;16,3428701380804;60,1;107
602;51,1992624499832;16,3416090874038;60,2;116
603;51,1988330390934;16,3403480602357;60,3;114
604;51,1984036146504;16,3390870565759;60,4;115
605;51,1979741766546;16,3378260764245;60,5;107
606;51,1975447251067;16,3365651197813;60,6;108
607;51,1971152600069;16,3353041866462;60,7;103
608;51,1966857813558;16,3340432770194;60,8;115
609;51,1962562891539;16,3327823909005;60,9;119
610;51,1958267834015;16,3315215282898;61;113
611;51,1953972640992;16,3302606891869;61,1;117
612;51,1949677312474;16,328999873592;61,2;121
613;51,1945381848466;16,3277390815049;61,3;125
614;51,1941086248972;16,3264783129256;61,4;116
615;51,1936790513998;16,325217567854;61,5;112
616;51,1932494643546;16,3239568462901;61,6;113
617;51,1928198637623;16,3226961482338;61,7;123
618;51,1923902496233;16,3214354736851;61,8;122
619;51,191960621938;16,3201748226439;61,9;125
620;51,1915309807069;16,3189141951101;62;123
621;51,1911013259305;16,3176535910837;62,1;114
622;51,1906716576092;16,3163930105646;62,2;126
623;51,1902419757434;16,3151324535528;62,3;121
624;51,1898122803337;16,3138719200481;62,4;121
625;51,1893825713805;16,3126114100507;62,5;120
626;51,1889528488843;16,3113509235603;62,6;128
627;51,1885231128455;16,3100904605769;62,7;136
628;51,1880933632646;16,3088300211006;62,8;128
629;51,187663600142;16,3075696051311;62,9;126
630;51,1872338234782;16,3063092126685;63;137
631;51,1868040332737;16,3050488437127;63,1;140
632;51,186374229529;16,3037884982636;63,2;126
633;51,1859444122444;16,3025281763212;63,3;127
634;51,1855145814204;16,3012678778854;63,4;123
635;51,1850847370576;16,3000076029562;63,5;123
636;51,1846548791563;16,2987473515335;63,6;120
637;51,1842250077171;16,2974871236172;63,7;108
638;51,1837951227403;16,2962269192073;63,8;127
639;51,1833652242265;16,2949667383037;63,9;136
640;51,1829353121761;16,2937065809064;64;117
641;51,1825053865896;16,2924464470153;64,1;104
642;51,1820754474674;16,2911863366304;64,2;101
643;51,18164549481;16,2899262497515;64,3;114
644;51,1812155286178;16,2886661863786;64,4;97
645;51,1807855488914;16,2874061465118;64,5;118
646;51,1803555556311;16,2861461301508;64,6;119
647;51,1799255488375;16,2848861372957;64,7;108
648;51,1794955285109;16,2836261679463;64,8;110
649;51,179065494652;16,2823662221027;64,9;118
650;51,178635447261;16,2811062997647;65;113
651;51,1782053863385;16,2798464009324;65,1;109
652;51,1777753118849;16,2785865256056;65,2;113
653;51,1773452239007;16,2773266737843;65,3;106
654;51,1769151223864;16,2760668454684;65,4;117
655;51,1764850073424;16,2748070406579;65,5;117
656;51,1760548787692;16,2735472593526;65,6;107
657;51,1756247366672;16,2722875015527;65,7;92
658;51,1751945810369;16,2710277672579;65,8;116
659;51,1747644118788;16,2697680564682;65,9;111
660;51,1743342291933;16,2685083691836;66;123
661;51,1739040329808;16,267248705404;66,1;120
662;51,1734738232419;16,2659890651293;66,2;116
663;51,173043599977;16,2647294483595;66,3;132
664;51,1726133631866;16,2634698550945;66,4;127
665;51,1721831128711;16,2622102853343;66,5;121
666;51,1717528490309;16,2609507390788;66,6;115
667;51,1713225716666;16,2596912163279;66,7;117
668;51,1708922807786;16,2584317170816;66,8;118
669;51,1704619763674;16,2571722413398;66,9;123
670;51,1700316584334;16,2559127891025;67;128
671;51,169601326977;16,2546533603695;67,1;141
672;51,1691709819988;16,2533939551409;67,2;167
673;51,1687406234992;16,2521345734165;67,3;133
674;51,1683102514787;16,2508752151963;67,4;120
675;51,1678798659377;16,2496158804803;67,5;123
676;51,1674494668766;16,2483565692684;67,6;136
677;51,167019054296;16,2470972815605;67,7;118
678;51,1665886281964;16,2458380173565;67,8;136
679;51,166158188578;16,2445787766565;67,9;138
680;51,1657277354415;16,2433195594602;68;157
681;51,1652972687873;16,2420603657678;68,1;164
682;51,1648667886159;16,240801195579;68,2;143
683;51,1644362949276;16,2395420488939;68,3;154
684;51,164005787723;16,2382829257124;68,4;141
685;51,1635752670025;16,2370238260344;68,5;128
686;51,1631447327666;16,2357647498599;68,6;131
687;51,1627141850158;16,2345056971887;68,7;151
688;51,1622836237504;16,2332466680209;68,8;139
689;51,1618530489711;16,2319876623564;68,9;136
690;51,1614224606781;16,2307286801951;69;154
691;51,1609918588721;16,2294697215369;69,1;156
692;51,1605612435533;16,2282107863818;69,2;151
693;51,1601306147224;16,2269518747297;69,3;136
694;51,1596999723798;16,2256929865806;69,4;130
695;51,1592693165259;16,2244341219344;69,5;131
696;51,1588386471611;16,223175280791;69,6;115
697;51,1584079642861;16,2219164631504;69,7;112
698;51,1579772679011;16,2206576690125;69,8;128
699;51,1575465580067;16,2193988983772;69,9;124
700;51,1571158346033;16,2181401512446;70;114
701;51,1566850976914;16,2168814276144;70,1;119
702;51,1562543472714;16,2156227274867;70,2;126
703;51,1558235833439;16,2143640508613;70,3;125
704;51,1553928059092;16,2131053977383;70,4;122
705;51,1549620149679;16,2118467681176;70,5;113
706;51,1545312105203;16,210588161999;70,6;121
707;51,154100392567;16,2093295793826;70,7;125
708;51,1536695611084;16,2080710202683;70,8;125
709;51,1535089867692;16,2076019612983;70,83727;129
